{"cameraMode":{"drawMode":0,"name":"Shaded","section":"Shading Mode"},"sceneLighting":false,"audioPlay":false,"sceneViewState":{"showFog":true,"showMaterialUpdate":false,"showSkybox":false,"showFlares":true,"showImageEffects":true,"showParticleSystems":true},"in2DMode":false,"pivot":{"x":0.00034193694591522217,"y":0.02673739567399025,"z":-5.289912223815918e-7},"rotation":{"x":-0.13503825664520265,"y":0.24460652470588685,"z":-0.034418847411870959,"w":-0.9595651626586914},"size":0.13539446890354157,"orthographic":false}