{"cameraMode":{"drawMode":0,"name":"Shaded","section":"Shading Mode"},"sceneLighting":false,"audioPlay":false,"sceneViewState":{"showFog":true,"showMaterialUpdate":false,"showSkybox":false,"showFlares":true,"showImageEffects":true,"showParticleSystems":true},"in2DMode":false,"pivot":{"x":0.0,"y":0.13102233409881593,"z":-0.016127198934555055},"rotation":{"x":-0.012646442279219628,"y":0.8982645273208618,"z":-0.025882432237267495,"w":-0.4385719299316406},"size":0.3831346333026886,"orthographic":false}