{"cameraMode":{"drawMode":0,"name":"Shaded","section":"Shading Mode"},"sceneLighting":false,"audioPlay":false,"sceneViewState":{"showFog":true,"showMaterialUpdate":false,"showSkybox":false,"showFlares":true,"showImageEffects":true,"showParticleSystems":true},"in2DMode":false,"pivot":{"x":0.0,"y":0.1304691582918167,"z":-0.016127198934555055},"rotation":{"x":-0.18668074905872346,"y":0.018268181011080743,"z":-0.0034825464244931938,"w":-0.9822742342948914},"size":0.383322536945343,"orthographic":false}